½Ã,ºÐ
05,37
05,48
06,00
06,11
06,21
06,31
06,40
06,49
06,57
07,05
07,13
07,20
07,27
07,34
07,41
07,46
07,51
07,56
08,01
08,06
08,11
08,16
08,21
08,26
08,31
08,36
08,41
08,46
08,51
08,56
09,01
09,06
09,11
09,16
09,21
09,27
09,33
09,39
09,45
09,52
09,59
10,07
10,15
10,23
10,31
10,39
10,47
10,55
11,03
11,11
11,19
11,27
11,35
11,43
11,51
11,59
12,07
12,15
12,23
12,31
12,39
12,47
12,55
13,03
13,11
13,19
13,27
13,35
13,43
13,51
13,59
14,07
14,15
14,23
14,31
14,39
14,47
14,55
15,03
15,11
15,19
15,27
15,35
15,43
15,51
15,59
16,07
16,15
16,23
16,31
16,39
16,47
16,55
17,03
17,11
17,19
17,27
17,35
17,43
17,51
17,59
18,07
18,15
18,22
18,28
18,33
18,38
18,43
18,48
18,53
18,58
19,03
19,08
19,13
19,18
19,23
19,28
19,33
19,38
19,43
19,48
19,55
20,02
20,09
20,17
20,25
20,33
20,41
20,49
20,57
21,05
21,13
21,21
21,29
21,37
21,45
21,53
22,01
22,09
22,17
22,25
22,33
22,42
22,52
23,03
23,15
23,28
23,41
